{"photos":[{"earth_date":"2015-05-03","img_src":"http://mars.jpl.nasa.gov/msl-raw-images/proj/msl/redops/ods/surface/sol/00974/opgs/edr/fcam/FRB_483955661EDR_F0470598FHAZ00206M_.JPG","full_name":"Front Hazard Avoidance Camera"},{"earth_date":"2015-05-03","img_src":"http://mars.jpl.nasa.gov/msl-raw-images/proj/msl/redops/ods/surface/sol/00974/opgs/edr/fcam/FLB_483955661EDR_F0470598FHAZ00206M_.JPG","full_name":"Front Hazard Avoidance Camera"},{"earth_date":"2015-05-03","img_src":"http://mars.jpl.nasa.gov/msl-raw-images/proj/msl/redops/ods/surface/sol/00974/opgs/edr/fcam/FLB_483955331EDR_F0470598FHAZ00206M_.JPG","full_name":"Front Hazard Avoidance Camera"},{"earth_date":"2015-05-03","img_src":"http://mars.jpl.nasa.gov/msl-raw-images/proj/msl/redops/ods/surface/sol/00974/opgs/edr/fcam/FRB_483955331EDR_F0470598FHAZ00206M_.JPG","full_name":"Front Hazard Avoidance Camera"},{"earth_date":"2015-05-03","img_src":"http://mars.jpl.nasa.gov/msl-raw-images/proj/msl/redops/ods/surface/sol/00974/opgs/edr/fcam/FLB_483952533EDR_F0470598FHAZ00323M_.JPG","full_name":"Front Hazard Avoidance Camera"},{"earth_date":"2015-05-03","img_src":"http://mars.jpl.nasa.gov/msl-raw-images/proj/msl/redops/ods/surface/sol/00974/opgs/edr/fcam/FRB_483952533EDR_F0470598FHAZ00323M_.JPG","full_name":"Front Hazard Avoidance Camera"},{"earth_date":"2015-05-03","img_src":"http://mars.jpl.nasa.gov/msl-raw-images/proj/msl/redops/ods/surface/sol/00974/opgs/edr/rcam/RLB_483952560EDR_F0470598RHAZ00323M_.JPG","full_name":"Rear Hazard Avoidance Camera"},{"earth_date":"2015-05-03","img_src":"http://mars.jpl.nasa.gov/msl-raw-images/proj/msl/redops/ods/surface/sol/00974/opgs/edr/rcam/RRB_483952560EDR_F0470598RHAZ00323M_.JPG","full_name":"Rear Hazard Avoidance Camera"},{"earth_date":"2015-05-03","img_src":"http://mars.jpl.nasa.gov/msl-raw-images/msss/00974/mhli/0974MH0004800060304364C00_DXXX.jpg","full_name":"Mars Hand Lens Imager"},{"earth_date":"2015-05-03","img_src":"http://mars.jpl.nasa.gov/msl-raw-images/msss/00974/mhli/0974MH0004800060304363C00_DXXX.jpg","full_name":"Mars Hand Lens Imager"},{"earth_date":"2015-05-03","img_src":"http://mars.jpl.nasa.gov/msl-raw-images/msss/00974/mhli/0974MH0004800060304362C00_DXXX.jpg","full_name":"Mars Hand Lens Imager"},{"earth_date":"2015-05-03","img_src":"http://mars.jpl.nasa.gov/msl-raw-images/msss/00974/mhli/0974MH0004800060304361C00_DXXX.jpg","full_name":"Mars Hand Lens Imager"},{"earth_date":"2015-05-03","img_src":"http://mars.jpl.nasa.gov/msl-raw-images/msss/00974/mhli/0974MH0004800060304360C00_DXXX.jpg","full_name":"Mars Hand Lens Imager"},{"earth_date":"2015-05-03","img_src":"http://mars.jpl.nasa.gov/msl-raw-images/msss/00974/mhli/0974MH0004800060304359C00_DXXX.jpg","full_name":"Mars Hand Lens Imager"},{"earth_date":"2015-05-03","img_src":"http://mars.jpl.nasa.gov/msl-raw-images/msss/00974/mhli/0974MH0004800060304358C00_DXXX.jpg","full_name":"Mars Hand Lens Imager"},{"earth_date":"2015-05-03","img_src":"http://mars.jpl.nasa.gov/msl-raw-images/msss/00974/mhli/0974MH0004800060304357C00_DXXX.jpg","full_name":"Mars Hand Lens Imager"},{"earth_date":"2015-05-03","img_src":"http://mars.jpl.nasa.gov/msl-raw-images/msss/00974/mhli/0974MH0004800050304356C00_DXXX.jpg","full_name":"Mars Hand Lens Imager"},{"earth_date":"2015-05-03","img_src":"http://mars.jpl.nasa.gov/msl-raw-images/msss/00974/mhli/0974MH0004800030304354C00_DXXX.jpg","full_name":"Mars Hand Lens Imager"},{"earth_date":"2015-05-03","img_src":"http://mars.jpl.nasa.gov/msl-raw-images/msss/00974/mhli/0974MH0004800010304352C00_DXXX.jpg","full_name":"Mars Hand Lens Imager"},{"earth_date":"2015-05-03","img_src":"http://mars.jpl.nasa.gov/msl-raw-images/msss/00974/mhli/0974MH0004850060304350C00_DXXX.jpg","full_name":"Mars Hand Lens Imager"},{"earth_date":"2015-05-03","img_src":"http://mars.jpl.nasa.gov/msl-raw-images/msss/00974/mhli/0974MH0004850060304349C00_DXXX.jpg","full_name":"Mars Hand Lens Imager"},{"earth_date":"2015-05-03","img_src":"http://mars.jpl.nasa.gov/msl-raw-images/msss/00974/mhli/0974MH0004850060304348C00_DXXX.jpg","full_name":"Mars Hand Lens Imager"},{"earth_date":"2015-05-03","img_src":"http://mars.jpl.nasa.gov/msl-raw-images/msss/00974/mhli/0974MH0004850060304347C00_DXXX.jpg","full_name":"Mars Hand Lens Imager"},{"earth_date":"2015-05-03","img_src":"http://mars.jpl.nasa.gov/msl-raw-images/msss/00974/mhli/0974MH0004850060304346C00_DXXX.jpg","full_name":"Mars Hand Lens Imager"},{"earth_date":"2015-05-03","img_src":"http://mars.jpl.nasa.gov/msl-raw-images/msss/00974/mhli/0974MH0004850060304345C00_DXXX.jpg","full_name":"Mars Hand Lens Imager"},{"earth_date":"2015-05-03","img_src":"http://mars.jpl.nasa.gov/msl-raw-images/msss/00974/mhli/0974MH0004850060304344C00_DXXX.jpg","full_name":"Mars Hand Lens Imager"},{"earth_date":"2015-05-03","img_src":"http://mars.jpl.nasa.gov/msl-raw-images/msss/00974/mhli/0974MH0004850060304343C00_DXXX.jpg","full_name":"Mars Hand Lens Imager"},{"earth_date":"2015-05-03","img_src":"http://mars.jpl.nasa.gov/msl-raw-images/msss/00974/mhli/0974MH0004850050304342C00_DXXX.jpg","full_name":"Mars Hand Lens Imager"},{"earth_date":"2015-05-03","img_src":"http://mars.jpl.nasa.gov/msl-raw-images/msss/00974/mhli/0974MH0004850030304340C00_DXXX.jpg","full_name":"Mars Hand Lens Imager"},{"earth_date":"2015-05-03","img_src":"http://mars.jpl.nasa.gov/msl-raw-images/msss/00974/mhli/0974MH0004850010304338C00_DXXX.jpg","full_name":"Mars Hand Lens Imager"},{"earth_date":"2015-05-03","img_src":"http://mars.jpl.nasa.gov/msl-raw-images/msss/00974/mhli/0974MH0004850050304328C00_DXXX.jpg","full_name":"Mars Hand Lens Imager"},{"earth_date":"2015-05-03","img_src":"http://mars.jpl.nasa.gov/msl-raw-images/msss/00974/mhli/0974MH0004850030304326C00_DXXX.jpg","full_name":"Mars Hand Lens Imager"},{"earth_date":"2015-05-03","img_src":"http://mars.jpl.nasa.gov/msl-raw-images/msss/00974/mhli/0974MH0004850010304324C00_DXXX.jpg","full_name":"Mars Hand Lens Imager"},{"earth_date":"2015-05-03","img_src":"http://mars.jpl.nasa.gov/msl-raw-images/msss/00974/mhli/0974MH0004850050304314C00_DXXX.jpg","full_name":"Mars Hand Lens Imager"},{"earth_date":"2015-05-03","img_src":"http://mars.jpl.nasa.gov/msl-raw-images/msss/00974/mhli/0974MH0004850030304312C00_DXXX.jpg","full_name":"Mars Hand Lens Imager"},{"earth_date":"2015-05-03","img_src":"http://mars.jpl.nasa.gov/msl-raw-images/msss/00974/mhli/0974MH0004850010304310C00_DXXX.jpg","full_name":"Mars Hand Lens Imager"},{"earth_date":"2015-05-03","img_src":"http://mars.jpl.nasa.gov/msl-raw-images/msss/00974/mhli/0974MH0004850050304300C00_DXXX.jpg","full_name":"Mars Hand Lens Imager"},{"earth_date":"2015-05-03","img_src":"http://mars.jpl.nasa.gov/msl-raw-images/msss/00974/mhli/0974MH0004850030304298C00_DXXX.jpg","full_name":"Mars Hand Lens Imager"},{"earth_date":"2015-05-03","img_src":"http://mars.jpl.nasa.gov/msl-raw-images/msss/00974/mhli/0974MH0004850010304296C00_DXXX.jpg","full_name":"Mars Hand Lens Imager"},{"earth_date":"2015-05-03","img_src":"http://mars.jpl.nasa.gov/msl-raw-images/msss/00974/mhli/0974MH0004850050304286C00_DXXX.jpg","full_name":"Mars Hand Lens Imager"},{"earth_date":"2015-05-03","img_src":"http://mars.jpl.nasa.gov/msl-raw-images/msss/00974/mhli/0974MH0004850030304284C00_DXXX.jpg","full_name":"Mars Hand Lens Imager"},{"earth_date":"2015-05-03","img_src":"http://mars.jpl.nasa.gov/msl-raw-images/msss/00974/mhli/0974MH0004850010304282C00_DXXX.jpg","full_name":"Mars Hand Lens Imager"},{"earth_date":"2015-05-03","img_src":"http://mars.jpl.nasa.gov/msl-raw-images/msss/00974/mhli/0974MH0004760050304280C00_DXXX.jpg","full_name":"Mars Hand Lens Imager"},{"earth_date":"2015-05-03","img_src":"http://mars.jpl.nasa.gov/msl-raw-images/msss/00974/mhli/0974MH0004760030304278C00_DXXX.jpg","full_name":"Mars Hand Lens Imager"},{"earth_date":"2015-05-03","img_src":"http://mars.jpl.nasa.gov/msl-raw-images/msss/00974/mhli/0974MH0004760010304276C00_DXXX.jpg","full_name":"Mars Hand Lens Imager"},{"earth_date":"2015-05-03","img_src":"http://mars.jpl.nasa.gov/msl-raw-images/msss/00974/mhli/0974MH0004760050304274C00_DXXX.jpg","full_name":"Mars Hand Lens Imager"},{"earth_date":"2015-05-03","img_src":"http://mars.jpl.nasa.gov/msl-raw-images/msss/00974/mhli/0974MH0004760030304272C00_DXXX.jpg","full_name":"Mars Hand Lens Imager"},{"earth_date":"2015-05-03","img_src":"http://mars.jpl.nasa.gov/msl-raw-images/msss/00974/mhli/0974MH0004760010304270C00_DXXX.jpg","full_name":"Mars Hand Lens Imager"},{"earth_date":"2015-05-03","img_src":"http://mars.jpl.nasa.gov/msl-raw-images/msss/00974/mhli/0974MH0001630000304376S00_DXXX.jpg","full_name":"Mars Hand Lens Imager"},{"earth_date":"2015-05-03","img_src":"http://mars.jpl.nasa.gov/msl-raw-images/msss/00974/mhli/0974MH0001630000304375R00_DXXX.jpg","full_name":"Mars Hand Lens Imager"},{"earth_date":"2015-05-03","img_src":"http://mars.jpl.nasa.gov/msl-raw-images/msss/00974/mhli/0974MH0001630000304374S00_DXXX.jpg","full_name":"Mars Hand Lens Imager"},{"earth_date":"2015-05-03","img_src":"http://mars.jpl.nasa.gov/msl-raw-images/msss/00974/mhli/0974MH0001630000304373R00_DXXX.jpg","full_name":"Mars Hand Lens Imager"},{"earth_date":"2015-05-03","img_src":"http://mars.jpl.nasa.gov/msl-raw-images/msss/00974/mhli/0974MH0001630000304372S00_DXXX.jpg","full_name":"Mars Hand Lens Imager"},{"earth_date":"2015-05-03","img_src":"http://mars.jpl.nasa.gov/msl-raw-images/msss/00974/mhli/0974MH0001630000304371R00_DXXX.jpg","full_name":"Mars Hand Lens Imager"},{"earth_date":"2015-05-03","img_src":"http://mars.jpl.nasa.gov/msl-raw-images/msss/00974/mhli/0974MH0001630000304370S00_DXXX.jpg","full_name":"Mars Hand Lens Imager"},{"earth_date":"2015-05-03","img_src":"http://mars.jpl.nasa.gov/msl-raw-images/msss/00974/mhli/0974MH0001630000304369R00_DXXX.jpg","full_name":"Mars Hand Lens Imager"},{"earth_date":"2015-05-03","img_src":"http://mars.jpl.nasa.gov/msl-raw-images/msss/00974/mhli/0974MH0001630000304368S00_DXXX.jpg","full_name":"Mars Hand Lens Imager"},{"earth_date":"2015-05-03","img_src":"http://mars.jpl.nasa.gov/msl-raw-images/msss/00974/mhli/0974MH0001630000304367R00_DXXX.jpg","full_name":"Mars Hand Lens Imager"},{"earth_date":"2015-05-03","img_src":"http://mars.jpl.nasa.gov/msl-raw-images/msss/00974/mhli/0974MH0001630000304366S00_DXXX.jpg","full_name":"Mars Hand Lens Imager"},{"earth_date":"2015-05-03","img_src":"http://mars.jpl.nasa.gov/msl-raw-images/msss/00974/mhli/0974MH0001630000304365R00_DXXX.jpg","full_name":"Mars Hand Lens Imager"},{"earth_date":"2015-05-03","img_src":"http://mars.jpl.nasa.gov/msl-raw-images/msss/00974/mhli/0974MH0001630000304376U01_DXXX.jpg","full_name":"Mars Hand Lens Imager"},{"earth_date":"2015-05-03","img_src":"http://mars.jpl.nasa.gov/msl-raw-images/msss/00974/mhli/0974MH0001630000304375T01_DXXX.jpg","full_name":"Mars Hand Lens Imager"},{"earth_date":"2015-05-03","img_src":"http://mars.jpl.nasa.gov/msl-raw-images/msss/00974/mhli/0974MH0001630000304374U01_DXXX.jpg","full_name":"Mars Hand Lens Imager"},{"earth_date":"2015-05-03","img_src":"http://mars.jpl.nasa.gov/msl-raw-images/msss/00974/mhli/0974MH0001630000304373T01_DXXX.jpg","full_name":"Mars Hand Lens Imager"},{"earth_date":"2015-05-03","img_src":"http://mars.jpl.nasa.gov/msl-raw-images/msss/00974/mhli/0974MH0001630000304372U01_DXXX.jpg","full_name":"Mars Hand Lens Imager"},{"earth_date":"2015-05-03","img_src":"http://mars.jpl.nasa.gov/msl-raw-images/msss/00974/mhli/0974MH0001630000304371T01_DXXX.jpg","full_name":"Mars Hand Lens Imager"},{"earth_date":"2015-05-03","img_src":"http://mars.jpl.nasa.gov/msl-raw-images/msss/00974/mhli/0974MH0001630000304370U01_DXXX.jpg","full_name":"Mars Hand Lens Imager"},{"earth_date":"2015-05-03","img_src":"http://mars.jpl.nasa.gov/msl-raw-images/msss/00974/mhli/0974MH0001630000304369T01_DXXX.jpg","full_name":"Mars Hand Lens Imager"},{"earth_date":"2015-05-03","img_src":"http://mars.jpl.nasa.gov/msl-raw-images/msss/00974/mhli/0974MH0001630000304368U01_DXXX.jpg","full_name":"Mars Hand Lens Imager"},{"earth_date":"2015-05-03","img_src":"http://mars.jpl.nasa.gov/msl-raw-images/msss/00974/mhli/0974MH0001630000304367T01_DXXX.jpg","full_name":"Mars Hand Lens Imager"},{"earth_date":"2015-05-03","img_src":"http://mars.jpl.nasa.gov/msl-raw-images/msss/00974/mhli/0974MH0001630000304366U01_DXXX.jpg","full_name":"Mars Hand Lens Imager"},{"earth_date":"2015-05-03","img_src":"http://mars.jpl.nasa.gov/msl-raw-images/msss/00974/mhli/0974MH0001630000304365T01_DXXX.jpg","full_name":"Mars Hand Lens Imager"},{"earth_date":"2015-05-03","img_src":"http://mars.jpl.nasa.gov/msl-raw-images/msss/00974/mhli/0974MH0004800060304364I01_DXXX.jpg","full_name":"Mars Hand Lens Imager"},{"earth_date":"2015-05-03","img_src":"http://mars.jpl.nasa.gov/msl-raw-images/msss/00974/mhli/0974MH0004800060304363I01_DXXX.jpg","full_name":"Mars Hand Lens Imager"},{"earth_date":"2015-05-03","img_src":"http://mars.jpl.nasa.gov/msl-raw-images/msss/00974/mhli/0974MH0004800060304362I01_DXXX.jpg","full_name":"Mars Hand Lens Imager"},{"earth_date":"2015-05-03","img_src":"http://mars.jpl.nasa.gov/msl-raw-images/msss/00974/mhli/0974MH0004800060304361I01_DXXX.jpg","full_name":"Mars Hand Lens Imager"},{"earth_date":"2015-05-03","img_src":"http://mars.jpl.nasa.gov/msl-raw-images/msss/00974/mhli/0974MH0004800060304360I01_DXXX.jpg","full_name":"Mars Hand Lens Imager"},{"earth_date":"2015-05-03","img_src":"http://mars.jpl.nasa.gov/msl-raw-images/msss/00974/mhli/0974MH0004800060304359I01_DXXX.jpg","full_name":"Mars Hand Lens Imager"},{"earth_date":"2015-05-03","img_src":"http://mars.jpl.nasa.gov/msl-raw-images/msss/00974/mhli/0974MH0004800060304358I01_DXXX.jpg","full_name":"Mars Hand Lens Imager"},{"earth_date":"2015-05-03","img_src":"http://mars.jpl.nasa.gov/msl-raw-images/msss/00974/mhli/0974MH0004800060304357I01_DXXX.jpg","full_name":"Mars Hand Lens Imager"},{"earth_date":"2015-05-03","img_src":"http://mars.jpl.nasa.gov/msl-raw-images/msss/00974/mhli/0974MH0004800050304356I01_DXXX.jpg","full_name":"Mars Hand Lens Imager"},{"earth_date":"2015-05-03","img_src":"http://mars.jpl.nasa.gov/msl-raw-images/msss/00974/mhli/0974MH0004800040304355I01_DXXX.jpg","full_name":"Mars Hand Lens Imager"},{"earth_date":"2015-05-03","img_src":"http://mars.jpl.nasa.gov/msl-raw-images/msss/00974/mhli/0974MH0004800030304354I01_DXXX.jpg","full_name":"Mars Hand Lens Imager"},{"earth_date":"2015-05-03","img_src":"http://mars.jpl.nasa.gov/msl-raw-images/msss/00974/mhli/0974MH0004800020304353I01_DXXX.jpg","full_name":"Mars Hand Lens Imager"},{"earth_date":"2015-05-03","img_src":"http://mars.jpl.nasa.gov/msl-raw-images/msss/00974/mhli/0974MH0004800010304352I01_DXXX.jpg","full_name":"Mars Hand Lens Imager"},{"earth_date":"2015-05-03","img_src":"http://mars.jpl.nasa.gov/msl-raw-images/msss/00974/mhli/0974MH0004800000304351I01_DXXX.jpg","full_name":"Mars Hand Lens Imager"},{"earth_date":"2015-05-03","img_src":"http://mars.jpl.nasa.gov/msl-raw-images/msss/00974/mhli/0974MH0004850060304350I01_DXXX.jpg","full_name":"Mars Hand Lens Imager"},{"earth_date":"2015-05-03","img_src":"http://mars.jpl.nasa.gov/msl-raw-images/msss/00974/mhli/0974MH0004850060304349I01_DXXX.jpg","full_name":"Mars Hand Lens Imager"},{"earth_date":"2015-05-03","img_src":"http://mars.jpl.nasa.gov/msl-raw-images/msss/00974/mhli/0974MH0004850060304348I01_DXXX.jpg","full_name":"Mars Hand Lens Imager"},{"earth_date":"2015-05-03","img_src":"http://mars.jpl.nasa.gov/msl-raw-images/msss/00974/mhli/0974MH0004850060304347I01_DXXX.jpg","full_name":"Mars Hand Lens Imager"},{"earth_date":"2015-05-03","img_src":"http://mars.jpl.nasa.gov/msl-raw-images/msss/00974/mhli/0974MH0004850060304346I01_DXXX.jpg","full_name":"Mars Hand Lens Imager"},{"earth_date":"2015-05-03","img_src":"http://mars.jpl.nasa.gov/msl-raw-images/msss/00974/mhli/0974MH0004850060304345I01_DXXX.jpg","full_name":"Mars Hand Lens Imager"},{"earth_date":"2015-05-03","img_src":"http://mars.jpl.nasa.gov/msl-raw-images/msss/00974/mhli/0974MH0004850060304344I01_DXXX.jpg","full_name":"Mars Hand Lens Imager"},{"earth_date":"2015-05-03","img_src":"http://mars.jpl.nasa.gov/msl-raw-images/msss/00974/mhli/0974MH0004850060304343I01_DXXX.jpg","full_name":"Mars Hand Lens Imager"},{"earth_date":"2015-05-03","img_src":"http://mars.jpl.nasa.gov/msl-raw-images/msss/00974/mhli/0974MH0004850050304342I01_DXXX.jpg","full_name":"Mars Hand Lens Imager"},{"earth_date":"2015-05-03","img_src":"http://mars.jpl.nasa.gov/msl-raw-images/msss/00974/mhli/0974MH0004850040304341I01_DXXX.jpg","full_name":"Mars Hand Lens Imager"},{"earth_date":"2015-05-03","img_src":"http://mars.jpl.nasa.gov/msl-raw-images/msss/00974/mhli/0974MH0004850030304340I01_DXXX.jpg","full_name":"Mars Hand Lens Imager"},{"earth_date":"2015-05-03","img_src":"http://mars.jpl.nasa.gov/msl-raw-images/msss/00974/mhli/0974MH0004850020304339I01_DXXX.jpg","full_name":"Mars Hand Lens Imager"},{"earth_date":"2015-05-03","img_src":"http://mars.jpl.nasa.gov/msl-raw-images/msss/00974/mhli/0974MH0004850010304338I01_DXXX.jpg","full_name":"Mars Hand Lens Imager"},{"earth_date":"2015-05-03","img_src":"http://mars.jpl.nasa.gov/msl-raw-images/msss/00974/mhli/0974MH0004850000304337I01_DXXX.jpg","full_name":"Mars Hand Lens Imager"},{"earth_date":"2015-05-03","img_src":"http://mars.jpl.nasa.gov/msl-raw-images/msss/00974/mhli/0974MH0004850060304336I01_DXXX.jpg","full_name":"Mars Hand Lens Imager"},{"earth_date":"2015-05-03","img_src":"http://mars.jpl.nasa.gov/msl-raw-images/msss/00974/mhli/0974MH0004850060304335I01_DXXX.jpg","full_name":"Mars Hand Lens Imager"},{"earth_date":"2015-05-03","img_src":"http://mars.jpl.nasa.gov/msl-raw-images/msss/00974/mhli/0974MH0004850060304334I01_DXXX.jpg","full_name":"Mars Hand Lens Imager"},{"earth_date":"2015-05-03","img_src":"http://mars.jpl.nasa.gov/msl-raw-images/msss/00974/mhli/0974MH0004850060304333I01_DXXX.jpg","full_name":"Mars Hand Lens Imager"},{"earth_date":"2015-05-03","img_src":"http://mars.jpl.nasa.gov/msl-raw-images/msss/00974/mhli/0974MH0004850060304332I01_DXXX.jpg","full_name":"Mars Hand Lens Imager"},{"earth_date":"2015-05-03","img_src":"http://mars.jpl.nasa.gov/msl-raw-images/msss/00974/mhli/0974MH0004850060304331I01_DXXX.jpg","full_name":"Mars Hand Lens Imager"},{"earth_date":"2015-05-03","img_src":"http://mars.jpl.nasa.gov/msl-raw-images/msss/00974/mhli/0974MH0004850060304330I01_DXXX.jpg","full_name":"Mars Hand Lens Imager"},{"earth_date":"2015-05-03","img_src":"http://mars.jpl.nasa.gov/msl-raw-images/msss/00974/mhli/0974MH0004850060304329I01_DXXX.jpg","full_name":"Mars Hand Lens Imager"},{"earth_date":"2015-05-03","img_src":"http://mars.jpl.nasa.gov/msl-raw-images/msss/00974/mhli/0974MH0004850050304328I01_DXXX.jpg","full_name":"Mars Hand Lens Imager"},{"earth_date":"2015-05-03","img_src":"http://mars.jpl.nasa.gov/msl-raw-images/msss/00974/mhli/0974MH0004850040304327I01_DXXX.jpg","full_name":"Mars Hand Lens Imager"},{"earth_date":"2015-05-03","img_src":"http://mars.jpl.nasa.gov/msl-raw-images/msss/00974/mhli/0974MH0004850030304326I01_DXXX.jpg","full_name":"Mars Hand Lens Imager"},{"earth_date":"2015-05-03","img_src":"http://mars.jpl.nasa.gov/msl-raw-images/msss/00974/mhli/0974MH0004850020304325I01_DXXX.jpg","full_name":"Mars Hand Lens Imager"},{"earth_date":"2015-05-03","img_src":"http://mars.jpl.nasa.gov/msl-raw-images/msss/00974/mhli/0974MH0004850010304324I01_DXXX.jpg","full_name":"Mars Hand Lens Imager"},{"earth_date":"2015-05-03","img_src":"http://mars.jpl.nasa.gov/msl-raw-images/msss/00974/mhli/0974MH0004850000304323I01_DXXX.jpg","full_name":"Mars Hand Lens Imager"},{"earth_date":"2015-05-03","img_src":"http://mars.jpl.nasa.gov/msl-raw-images/msss/00974/mhli/0974MH0004850060304322I01_DXXX.jpg","full_name":"Mars Hand Lens Imager"},{"earth_date":"2015-05-03","img_src":"http://mars.jpl.nasa.gov/msl-raw-images/msss/00974/mhli/0974MH0004850060304321I01_DXXX.jpg","full_name":"Mars Hand Lens Imager"},{"earth_date":"2015-05-03","img_src":"http://mars.jpl.nasa.gov/msl-raw-images/msss/00974/mhli/0974MH0004850060304320I01_DXXX.jpg","full_name":"Mars Hand Lens Imager"},{"earth_date":"2015-05-03","img_src":"http://mars.jpl.nasa.gov/msl-raw-images/msss/00974/mhli/0974MH0004850060304319I01_DXXX.jpg","full_name":"Mars Hand Lens Imager"},{"earth_date":"2015-05-03","img_src":"http://mars.jpl.nasa.gov/msl-raw-images/msss/00974/mhli/0974MH0004850060304318I01_DXXX.jpg","full_name":"Mars Hand Lens Imager"},{"earth_date":"2015-05-03","img_src":"http://mars.jpl.nasa.gov/msl-raw-images/msss/00974/mhli/0974MH0004850060304317I01_DXXX.jpg","full_name":"Mars Hand Lens Imager"},{"earth_date":"2015-05-03","img_src":"http://mars.jpl.nasa.gov/msl-raw-images/msss/00974/mhli/0974MH0004850060304316I01_DXXX.jpg","full_name":"Mars Hand Lens Imager"},{"earth_date":"2015-05-03","img_src":"http://mars.jpl.nasa.gov/msl-raw-images/msss/00974/mhli/0974MH0004850060304315I01_DXXX.jpg","full_name":"Mars Hand Lens Imager"},{"earth_date":"2015-05-03","img_src":"http://mars.jpl.nasa.gov/msl-raw-images/msss/00974/mhli/0974MH0004850050304314I01_DXXX.jpg","full_name":"Mars Hand Lens Imager"},{"earth_date":"2015-05-03","img_src":"http://mars.jpl.nasa.gov/msl-raw-images/msss/00974/mhli/0974MH0004850040304313I01_DXXX.jpg","full_name":"Mars Hand Lens Imager"},{"earth_date":"2015-05-03","img_src":"http://mars.jpl.nasa.gov/msl-raw-images/msss/00974/mhli/0974MH0004850030304312I01_DXXX.jpg","full_name":"Mars Hand Lens Imager"},{"earth_date":"2015-05-03","img_src":"http://mars.jpl.nasa.gov/msl-raw-images/msss/00974/mhli/0974MH0004850020304311I01_DXXX.jpg","full_name":"Mars Hand Lens Imager"},{"earth_date":"2015-05-03","img_src":"http://mars.jpl.nasa.gov/msl-raw-images/msss/00974/mhli/0974MH0004850010304310I01_DXXX.jpg","full_name":"Mars Hand Lens Imager"},{"earth_date":"2015-05-03","img_src":"http://mars.jpl.nasa.gov/msl-raw-images/msss/00974/mhli/0974MH0004850000304309I01_DXXX.jpg","full_name":"Mars Hand Lens Imager"},{"earth_date":"2015-05-03","img_src":"http://mars.jpl.nasa.gov/msl-raw-images/msss/00974/mhli/0974MH0004850060304308I01_DXXX.jpg","full_name":"Mars Hand Lens Imager"},{"earth_date":"2015-05-03","img_src":"http://mars.jpl.nasa.gov/msl-raw-images/msss/00974/mhli/0974MH0004850060304307I01_DXXX.jpg","full_name":"Mars Hand Lens Imager"},{"earth_date":"2015-05-03","img_src":"http://mars.jpl.nasa.gov/msl-raw-images/msss/00974/mhli/0974MH0004850060304306I01_DXXX.jpg","full_name":"Mars Hand Lens Imager"},{"earth_date":"2015-05-03","img_src":"http://mars.jpl.nasa.gov/msl-raw-images/msss/00974/mhli/0974MH0004850060304305I01_DXXX.jpg","full_name":"Mars Hand Lens Imager"},{"earth_date":"2015-05-03","img_src":"http://mars.jpl.nasa.gov/msl-raw-images/msss/00974/mhli/0974MH0004850060304304I01_DXXX.jpg","full_name":"Mars Hand Lens Imager"},{"earth_date":"2015-05-03","img_src":"http://mars.jpl.nasa.gov/msl-raw-images/msss/00974/mhli/0974MH0004850060304303I01_DXXX.jpg","full_name":"Mars Hand Lens Imager"},{"earth_date":"2015-05-03","img_src":"http://mars.jpl.nasa.gov/msl-raw-images/msss/00974/mhli/0974MH0004850060304302I01_DXXX.jpg","full_name":"Mars Hand Lens Imager"},{"earth_date":"2015-05-03","img_src":"http://mars.jpl.nasa.gov/msl-raw-images/msss/00974/mhli/0974MH0004850060304301I01_DXXX.jpg","full_name":"Mars Hand Lens Imager"},{"earth_date":"2015-05-03","img_src":"http://mars.jpl.nasa.gov/msl-raw-images/msss/00974/mhli/0974MH0004850050304300I01_DXXX.jpg","full_name":"Mars Hand Lens Imager"},{"earth_date":"2015-05-03","img_src":"http://mars.jpl.nasa.gov/msl-raw-images/msss/00974/mhli/0974MH0004850040304299I01_DXXX.jpg","full_name":"Mars Hand Lens Imager"},{"earth_date":"2015-05-03","img_src":"http://mars.jpl.nasa.gov/msl-raw-images/msss/00974/mhli/0974MH0004850030304298I01_DXXX.jpg","full_name":"Mars Hand Lens Imager"},{"earth_date":"2015-05-03","img_src":"http://mars.jpl.nasa.gov/msl-raw-images/msss/00974/mhli/0974MH0004850020304297I01_DXXX.jpg","full_name":"Mars Hand Lens Imager"},{"earth_date":"2015-05-03","img_src":"http://mars.jpl.nasa.gov/msl-raw-images/msss/00974/mhli/0974MH0004850010304296I01_DXXX.jpg","full_name":"Mars Hand Lens Imager"},{"earth_date":"2015-05-03","img_src":"http://mars.jpl.nasa.gov/msl-raw-images/msss/00974/mhli/0974MH0004850000304295I01_DXXX.jpg","full_name":"Mars Hand Lens Imager"},{"earth_date":"2015-05-03","img_src":"http://mars.jpl.nasa.gov/msl-raw-images/msss/00974/mhli/0974MH0004850060304294I01_DXXX.jpg","full_name":"Mars Hand Lens Imager"},{"earth_date":"2015-05-03","img_src":"http://mars.jpl.nasa.gov/msl-raw-images/msss/00974/mhli/0974MH0004850060304293I01_DXXX.jpg","full_name":"Mars Hand Lens Imager"},{"earth_date":"2015-05-03","img_src":"http://mars.jpl.nasa.gov/msl-raw-images/msss/00974/mhli/0974MH0004850060304292I01_DXXX.jpg","full_name":"Mars Hand Lens Imager"},{"earth_date":"2015-05-03","img_src":"http://mars.jpl.nasa.gov/msl-raw-images/msss/00974/mhli/0974MH0004850060304291I01_DXXX.jpg","full_name":"Mars Hand Lens Imager"},{"earth_date":"2015-05-03","img_src":"http://mars.jpl.nasa.gov/msl-raw-images/msss/00974/mhli/0974MH0004850060304290I01_DXXX.jpg","full_name":"Mars Hand Lens Imager"},{"earth_date":"2015-05-03","img_src":"http://mars.jpl.nasa.gov/msl-raw-images/msss/00974/mhli/0974MH0004850060304289I01_DXXX.jpg","full_name":"Mars Hand Lens Imager"},{"earth_date":"2015-05-03","img_src":"http://mars.jpl.nasa.gov/msl-raw-images/msss/00974/mhli/0974MH0004850060304288I01_DXXX.jpg","full_name":"Mars Hand Lens Imager"},{"earth_date":"2015-05-03","img_src":"http://mars.jpl.nasa.gov/msl-raw-images/msss/00974/mhli/0974MH0004850060304287I01_DXXX.jpg","full_name":"Mars Hand Lens Imager"},{"earth_date":"2015-05-03","img_src":"http://mars.jpl.nasa.gov/msl-raw-images/msss/00974/mhli/0974MH0004850050304286I01_DXXX.jpg","full_name":"Mars Hand Lens Imager"},{"earth_date":"2015-05-03","img_src":"http://mars.jpl.nasa.gov/msl-raw-images/msss/00974/mhli/0974MH0004850040304285I01_DXXX.jpg","full_name":"Mars Hand Lens Imager"},{"earth_date":"2015-05-03","img_src":"http://mars.jpl.nasa.gov/msl-raw-images/msss/00974/mhli/0974MH0004850030304284I01_DXXX.jpg","full_name":"Mars Hand Lens Imager"},{"earth_date":"2015-05-03","img_src":"http://mars.jpl.nasa.gov/msl-raw-images/msss/00974/mhli/0974MH0004850020304283I01_DXXX.jpg","full_name":"Mars Hand Lens Imager"},{"earth_date":"2015-05-03","img_src":"http://mars.jpl.nasa.gov/msl-raw-images/msss/00974/mhli/0974MH0004850010304282I01_DXXX.jpg","full_name":"Mars Hand Lens Imager"},{"earth_date":"2015-05-03","img_src":"http://mars.jpl.nasa.gov/msl-raw-images/msss/00974/mhli/0974MH0004850000304281I01_DXXX.jpg","full_name":"Mars Hand Lens Imager"},{"earth_date":"2015-05-03","img_src":"http://mars.jpl.nasa.gov/msl-raw-images/msss/00974/mhli/0974MH0004760050304280I01_DXXX.jpg","full_name":"Mars Hand Lens Imager"},{"earth_date":"2015-05-03","img_src":"http://mars.jpl.nasa.gov/msl-raw-images/msss/00974/mhli/0974MH0004760040304279I01_DXXX.jpg","full_name":"Mars Hand Lens Imager"},{"earth_date":"2015-05-03","img_src":"http://mars.jpl.nasa.gov/msl-raw-images/msss/00974/mhli/0974MH0004760030304278I01_DXXX.jpg","full_name":"Mars Hand Lens Imager"},{"earth_date":"2015-05-03","img_src":"http://mars.jpl.nasa.gov/msl-raw-images/msss/00974/mhli/0974MH0004760020304277I01_DXXX.jpg","full_name":"Mars Hand Lens Imager"},{"earth_date":"2015-05-03","img_src":"http://mars.jpl.nasa.gov/msl-raw-images/msss/00974/mhli/0974MH0004760010304276I01_DXXX.jpg","full_name":"Mars Hand Lens Imager"},{"earth_date":"2015-05-03","img_src":"http://mars.jpl.nasa.gov/msl-raw-images/msss/00974/mhli/0974MH0004760000304275I01_DXXX.jpg","full_name":"Mars Hand Lens Imager"},{"earth_date":"2015-05-03","img_src":"http://mars.jpl.nasa.gov/msl-raw-images/msss/00974/mhli/0974MH0004760050304274I01_DXXX.jpg","full_name":"Mars Hand Lens Imager"},{"earth_date":"2015-05-03","img_src":"http://mars.jpl.nasa.gov/msl-raw-images/msss/00974/mhli/0974MH0004760040304273I01_DXXX.jpg","full_name":"Mars Hand Lens Imager"},{"earth_date":"2015-05-03","img_src":"http://mars.jpl.nasa.gov/msl-raw-images/msss/00974/mhli/0974MH0004760030304272I01_DXXX.jpg","full_name":"Mars Hand Lens Imager"},{"earth_date":"2015-05-03","img_src":"http://mars.jpl.nasa.gov/msl-raw-images/msss/00974/mhli/0974MH0004760020304271I01_DXXX.jpg","full_name":"Mars Hand Lens Imager"},{"earth_date":"2015-05-03","img_src":"http://mars.jpl.nasa.gov/msl-raw-images/msss/00974/mhli/0974MH0004760010304270I01_DXXX.jpg","full_name":"Mars Hand Lens Imager"},{"earth_date":"2015-05-03","img_src":"http://mars.jpl.nasa.gov/msl-raw-images/msss/00974/mhli/0974MH0004760000304269I01_DXXX.jpg","full_name":"Mars Hand Lens Imager"},{"earth_date":"2015-05-03","img_src":"http://mars.jpl.nasa.gov/msl-raw-images/proj/msl/redops/ods/surface/sol/00974/opgs/edr/ncam/NLB_483955685EDR_F0470598NCAM00320M_.JPG","full_name":"Navigation Camera"},{"earth_date":"2015-05-03","img_src":"http://mars.jpl.nasa.gov/msl-raw-images/proj/msl/redops/ods/surface/sol/00974/opgs/edr/ncam/NLB_483955373EDR_F0470598NCAM00207M_.JPG","full_name":"Navigation Camera"},{"earth_date":"2015-05-03","img_src":"http://mars.jpl.nasa.gov/msl-raw-images/proj/msl/redops/ods/surface/sol/00974/opgs/edr/ncam/NRB_483955685EDR_F0470598NCAM00320M_.JPG","full_name":"Navigation Camera"},{"earth_date":"2015-05-03","img_src":"http://mars.jpl.nasa.gov/msl-raw-images/proj/msl/redops/ods/surface/sol/00974/opgs/edr/ncam/NRB_483955373EDR_F0470598NCAM00207M_.JPG","full_name":"Navigation Camera"}]}