{"photos":[{"earth_date":"2015-05-04","img_src":"http://mars.jpl.nasa.gov/msl-raw-images/proj/msl/redops/ods/surface/sol/00975/opgs/edr/fcam/FRB_484061568EDR_F0470598FHAZ00206M_.JPG","full_name":"Front Hazard Avoidance Camera"},{"earth_date":"2015-05-04","img_src":"http://mars.jpl.nasa.gov/msl-raw-images/proj/msl/redops/ods/surface/sol/00975/opgs/edr/fcam/FLB_484061568EDR_F0470598FHAZ00206M_.JPG","full_name":"Front Hazard Avoidance Camera"},{"earth_date":"2015-05-04","img_src":"http://mars.jpl.nasa.gov/msl-raw-images/proj/msl/redops/ods/surface/sol/00975/opgs/edr/fcam/FRB_484061267EDR_F0470598FHAZ00206M_.JPG","full_name":"Front Hazard Avoidance Camera"},{"earth_date":"2015-05-04","img_src":"http://mars.jpl.nasa.gov/msl-raw-images/proj/msl/redops/ods/surface/sol/00975/opgs/edr/fcam/FLB_484061267EDR_F0470598FHAZ00206M_.JPG","full_name":"Front Hazard Avoidance Camera"},{"earth_date":"2015-05-04","img_src":"http://mars.jpl.nasa.gov/msl-raw-images/proj/msl/redops/ods/surface/sol/00975/opgs/edr/fcam/FLB_484059387EDR_F0470598FHAZ00206M_.JPG","full_name":"Front Hazard Avoidance Camera"},{"earth_date":"2015-05-04","img_src":"http://mars.jpl.nasa.gov/msl-raw-images/proj/msl/redops/ods/surface/sol/00975/opgs/edr/fcam/FRB_484059387EDR_F0470598FHAZ00206M_.JPG","full_name":"Front Hazard Avoidance Camera"},{"earth_date":"2015-05-04","img_src":"http://mars.jpl.nasa.gov/msl-raw-images/proj/msl/redops/ods/surface/sol/00975/opgs/edr/fcam/FLB_484041000EDR_F0470598FHAZ00323M_.JPG","full_name":"Front Hazard Avoidance Camera"},{"earth_date":"2015-05-04","img_src":"http://mars.jpl.nasa.gov/msl-raw-images/proj/msl/redops/ods/surface/sol/00975/opgs/edr/fcam/FRB_484041000EDR_F0470598FHAZ00323M_.JPG","full_name":"Front Hazard Avoidance Camera"},{"earth_date":"2015-05-04","img_src":"http://mars.jpl.nasa.gov/msl-raw-images/proj/msl/redops/ods/surface/sol/00975/opgs/edr/rcam/RLB_484041026EDR_F0470598RHAZ00323M_.JPG","full_name":"Rear Hazard Avoidance Camera"},{"earth_date":"2015-05-04","img_src":"http://mars.jpl.nasa.gov/msl-raw-images/proj/msl/redops/ods/surface/sol/00975/opgs/edr/rcam/RRB_484041026EDR_F0470598RHAZ00323M_.JPG","full_name":"Rear Hazard Avoidance Camera"},{"earth_date":"2015-05-04","img_src":"http://mars.jpl.nasa.gov/msl-raw-images/msss/00975/mcam/0975ML0042970050404140D01_DXXX.jpg","full_name":"Mast Camera"},{"earth_date":"2015-05-04","img_src":"http://mars.jpl.nasa.gov/msl-raw-images/msss/00975/mcam/0975ML0042970040404139D01_DXXX.jpg","full_name":"Mast Camera"},{"earth_date":"2015-05-04","img_src":"http://mars.jpl.nasa.gov/msl-raw-images/msss/00975/mcam/0975ML0042950050404136D01_DXXX.jpg","full_name":"Mast Camera"},{"earth_date":"2015-05-04","img_src":"http://mars.jpl.nasa.gov/msl-raw-images/msss/00975/mcam/0975ML0042950040404135D01_DXXX.jpg","full_name":"Mast Camera"},{"earth_date":"2015-05-04","img_src":"http://mars.jpl.nasa.gov/msl-raw-images/msss/00975/mcam/0975MR0043080000502743E01_DXXX.jpg","full_name":"Mast Camera"},{"earth_date":"2015-05-04","img_src":"http://mars.jpl.nasa.gov/msl-raw-images/msss/00975/mcam/0975MR0043070000502742E01_DXXX.jpg","full_name":"Mast Camera"},{"earth_date":"2015-05-04","img_src":"http://mars.jpl.nasa.gov/msl-raw-images/msss/00975/mcam/0975MR0043060000502741E01_DXXX.jpg","full_name":"Mast Camera"},{"earth_date":"2015-05-04","img_src":"http://mars.jpl.nasa.gov/msl-raw-images/msss/00975/mcam/0975MR0043050010502740E01_DXXX.jpg","full_name":"Mast Camera"},{"earth_date":"2015-05-04","img_src":"http://mars.jpl.nasa.gov/msl-raw-images/msss/00975/mcam/0975MR0043040000502739E01_DXXX.jpg","full_name":"Mast Camera"},{"earth_date":"2015-05-04","img_src":"http://mars.jpl.nasa.gov/msl-raw-images/msss/00975/mcam/0975MR0043030000502738E01_DXXX.jpg","full_name":"Mast Camera"},{"earth_date":"2015-05-04","img_src":"http://mars.jpl.nasa.gov/msl-raw-images/msss/00975/mcam/0975MR0043020010502737E01_DXXX.jpg","full_name":"Mast Camera"},{"earth_date":"2015-05-04","img_src":"http://mars.jpl.nasa.gov/msl-raw-images/msss/00975/mcam/0975MR0043010000502736C00_DXXX.jpg","full_name":"Mast Camera"},{"earth_date":"2015-05-04","img_src":"http://mars.jpl.nasa.gov/msl-raw-images/msss/00975/mcam/0975MR0043000000502735E01_DXXX.jpg","full_name":"Mast Camera"},{"earth_date":"2015-05-04","img_src":"http://mars.jpl.nasa.gov/msl-raw-images/msss/00975/mcam/0975MR0042990020502734C00_DXXX.jpg","full_name":"Mast Camera"},{"earth_date":"2015-05-04","img_src":"http://mars.jpl.nasa.gov/msl-raw-images/msss/00975/mcam/0975MR0042990020502734E01_DXXX.jpg","full_name":"Mast Camera"},{"earth_date":"2015-05-04","img_src":"http://mars.jpl.nasa.gov/msl-raw-images/msss/00975/mcam/0975MR0042990010502733C00_DXXX.jpg","full_name":"Mast Camera"},{"earth_date":"2015-05-04","img_src":"http://mars.jpl.nasa.gov/msl-raw-images/msss/00975/mcam/0975MR0042990010502733E01_DXXX.jpg","full_name":"Mast Camera"},{"earth_date":"2015-05-04","img_src":"http://mars.jpl.nasa.gov/msl-raw-images/msss/00975/mcam/0975MR0042980000502731E01_DXXX.jpg","full_name":"Mast Camera"},{"earth_date":"2015-05-04","img_src":"http://mars.jpl.nasa.gov/msl-raw-images/msss/00975/mcam/0975ML0042980000404141E01_DXXX.jpg","full_name":"Mast Camera"},{"earth_date":"2015-05-04","img_src":"http://mars.jpl.nasa.gov/msl-raw-images/msss/00975/mcam/0975ML0042970030404138D01_DXXX.jpg","full_name":"Mast Camera"},{"earth_date":"2015-05-04","img_src":"http://mars.jpl.nasa.gov/msl-raw-images/msss/00975/mcam/0975MR0042970020502730D01_DXXX.jpg","full_name":"Mast Camera"},{"earth_date":"2015-05-04","img_src":"http://mars.jpl.nasa.gov/msl-raw-images/msss/00975/mcam/0975MR0042960000502729E01_DXXX.jpg","full_name":"Mast Camera"},{"earth_date":"2015-05-04","img_src":"http://mars.jpl.nasa.gov/msl-raw-images/msss/00975/mcam/0975ML0042960000404137E01_DXXX.jpg","full_name":"Mast Camera"},{"earth_date":"2015-05-04","img_src":"http://mars.jpl.nasa.gov/msl-raw-images/msss/00975/mcam/0975ML0042950030404134D01_DXXX.jpg","full_name":"Mast Camera"},{"earth_date":"2015-05-04","img_src":"http://mars.jpl.nasa.gov/msl-raw-images/msss/00975/mcam/0975MR0042950020502728D01_DXXX.jpg","full_name":"Mast Camera"},{"earth_date":"2015-05-04","img_src":"http://mars.jpl.nasa.gov/msl-raw-images/msss/00975/mcam/0975MR0042950020502728C00_DXXX.jpg","full_name":"Mast Camera"},{"earth_date":"2015-05-04","img_src":"http://mars.jpl.nasa.gov/msl-raw-images/msss/00975/mcam/0975MR0043080000502743I01_DXXX.jpg","full_name":"Mast Camera"},{"earth_date":"2015-05-04","img_src":"http://mars.jpl.nasa.gov/msl-raw-images/msss/00975/mcam/0975MR0043070000502742I01_DXXX.jpg","full_name":"Mast Camera"},{"earth_date":"2015-05-04","img_src":"http://mars.jpl.nasa.gov/msl-raw-images/msss/00975/mcam/0975MR0043060000502741I01_DXXX.jpg","full_name":"Mast Camera"},{"earth_date":"2015-05-04","img_src":"http://mars.jpl.nasa.gov/msl-raw-images/msss/00975/mcam/0975MR0043050010502740I01_DXXX.jpg","full_name":"Mast Camera"},{"earth_date":"2015-05-04","img_src":"http://mars.jpl.nasa.gov/msl-raw-images/msss/00975/mcam/0975MR0043040000502739I01_DXXX.jpg","full_name":"Mast Camera"},{"earth_date":"2015-05-04","img_src":"http://mars.jpl.nasa.gov/msl-raw-images/msss/00975/mcam/0975MR0043030000502738I01_DXXX.jpg","full_name":"Mast Camera"},{"earth_date":"2015-05-04","img_src":"http://mars.jpl.nasa.gov/msl-raw-images/msss/00975/mcam/0975MR0043020010502737I01_DXXX.jpg","full_name":"Mast Camera"},{"earth_date":"2015-05-04","img_src":"http://mars.jpl.nasa.gov/msl-raw-images/msss/00975/mcam/0975MR0043010000502736I01_DXXX.jpg","full_name":"Mast Camera"},{"earth_date":"2015-05-04","img_src":"http://mars.jpl.nasa.gov/msl-raw-images/msss/00975/mcam/0975MR0043000000502735I01_DXXX.jpg","full_name":"Mast Camera"},{"earth_date":"2015-05-04","img_src":"http://mars.jpl.nasa.gov/msl-raw-images/msss/00975/mcam/0975MR0042990020502734I01_DXXX.jpg","full_name":"Mast Camera"},{"earth_date":"2015-05-04","img_src":"http://mars.jpl.nasa.gov/msl-raw-images/msss/00975/mcam/0975MR0042990010502733I01_DXXX.jpg","full_name":"Mast Camera"},{"earth_date":"2015-05-04","img_src":"http://mars.jpl.nasa.gov/msl-raw-images/msss/00975/mcam/0975MR0042990000502732I01_DXXX.jpg","full_name":"Mast Camera"},{"earth_date":"2015-05-04","img_src":"http://mars.jpl.nasa.gov/msl-raw-images/msss/00975/mcam/0975MR0042980000502731I01_DXXX.jpg","full_name":"Mast Camera"},{"earth_date":"2015-05-04","img_src":"http://mars.jpl.nasa.gov/msl-raw-images/msss/00975/mcam/0975ML0042980000404141I01_DXXX.jpg","full_name":"Mast Camera"},{"earth_date":"2015-05-04","img_src":"http://mars.jpl.nasa.gov/msl-raw-images/msss/00975/mcam/0975ML0042970050404140I01_DXXX.jpg","full_name":"Mast Camera"},{"earth_date":"2015-05-04","img_src":"http://mars.jpl.nasa.gov/msl-raw-images/msss/00975/mcam/0975ML0042970040404139I01_DXXX.jpg","full_name":"Mast Camera"},{"earth_date":"2015-05-04","img_src":"http://mars.jpl.nasa.gov/msl-raw-images/msss/00975/mcam/0975ML0042970030404138I01_DXXX.jpg","full_name":"Mast Camera"},{"earth_date":"2015-05-04","img_src":"http://mars.jpl.nasa.gov/msl-raw-images/msss/00975/mcam/0975MR0042970020502730I01_DXXX.jpg","full_name":"Mast Camera"},{"earth_date":"2015-05-04","img_src":"http://mars.jpl.nasa.gov/msl-raw-images/msss/00975/mcam/0975MR0042960000502729I01_DXXX.jpg","full_name":"Mast Camera"},{"earth_date":"2015-05-04","img_src":"http://mars.jpl.nasa.gov/msl-raw-images/msss/00975/mcam/0975ML0042960000404137I01_DXXX.jpg","full_name":"Mast Camera"},{"earth_date":"2015-05-04","img_src":"http://mars.jpl.nasa.gov/msl-raw-images/msss/00975/mcam/0975ML0042950050404136I01_DXXX.jpg","full_name":"Mast Camera"},{"earth_date":"2015-05-04","img_src":"http://mars.jpl.nasa.gov/msl-raw-images/msss/00975/mcam/0975ML0042950040404135I01_DXXX.jpg","full_name":"Mast Camera"},{"earth_date":"2015-05-04","img_src":"http://mars.jpl.nasa.gov/msl-raw-images/msss/00975/mcam/0975ML0042950030404134I01_DXXX.jpg","full_name":"Mast Camera"},{"earth_date":"2015-05-04","img_src":"http://mars.jpl.nasa.gov/msl-raw-images/msss/00975/mcam/0975MR0042950020502728I01_DXXX.jpg","full_name":"Mast Camera"},{"earth_date":"2015-05-04","img_src":"http://mars.jpl.nasa.gov/msl-raw-images/msss/00975/mhli/0975MH0004970050304416C00_DXXX.jpg","full_name":"Mars Hand Lens Imager"},{"earth_date":"2015-05-04","img_src":"http://mars.jpl.nasa.gov/msl-raw-images/msss/00975/mhli/0975MH0004970030304414C00_DXXX.jpg","full_name":"Mars Hand Lens Imager"},{"earth_date":"2015-05-04","img_src":"http://mars.jpl.nasa.gov/msl-raw-images/msss/00975/mhli/0975MH0004970010304412C00_DXXX.jpg","full_name":"Mars Hand Lens Imager"},{"earth_date":"2015-05-04","img_src":"http://mars.jpl.nasa.gov/msl-raw-images/msss/00975/mhli/0975MH0004960050304402C00_DXXX.jpg","full_name":"Mars Hand Lens Imager"},{"earth_date":"2015-05-04","img_src":"http://mars.jpl.nasa.gov/msl-raw-images/msss/00975/mhli/0975MH0004960030304400C00_DXXX.jpg","full_name":"Mars Hand Lens Imager"},{"earth_date":"2015-05-04","img_src":"http://mars.jpl.nasa.gov/msl-raw-images/msss/00975/mhli/0975MH0004960010304398C00_DXXX.jpg","full_name":"Mars Hand Lens Imager"},{"earth_date":"2015-05-04","img_src":"http://mars.jpl.nasa.gov/msl-raw-images/msss/00975/mhli/0975MH0004960050304388C00_DXXX.jpg","full_name":"Mars Hand Lens Imager"},{"earth_date":"2015-05-04","img_src":"http://mars.jpl.nasa.gov/msl-raw-images/msss/00975/mhli/0975MH0004960030304386C00_DXXX.jpg","full_name":"Mars Hand Lens Imager"},{"earth_date":"2015-05-04","img_src":"http://mars.jpl.nasa.gov/msl-raw-images/msss/00975/mhli/0975MH0004960010304384C00_DXXX.jpg","full_name":"Mars Hand Lens Imager"},{"earth_date":"2015-05-04","img_src":"http://mars.jpl.nasa.gov/msl-raw-images/msss/00975/mhli/0975MH0004760050304382C00_DXXX.jpg","full_name":"Mars Hand Lens Imager"},{"earth_date":"2015-05-04","img_src":"http://mars.jpl.nasa.gov/msl-raw-images/msss/00975/mhli/0975MH0004760030304380C00_DXXX.jpg","full_name":"Mars Hand Lens Imager"},{"earth_date":"2015-05-04","img_src":"http://mars.jpl.nasa.gov/msl-raw-images/msss/00975/mhli/0975MH0004760010304378C00_DXXX.jpg","full_name":"Mars Hand Lens Imager"},{"earth_date":"2015-05-04","img_src":"http://mars.jpl.nasa.gov/msl-raw-images/msss/00975/mhli/0975MH0001930000304430S00_DXXX.jpg","full_name":"Mars Hand Lens Imager"},{"earth_date":"2015-05-04","img_src":"http://mars.jpl.nasa.gov/msl-raw-images/msss/00975/mhli/0975MH0001930000304429R00_DXXX.jpg","full_name":"Mars Hand Lens Imager"},{"earth_date":"2015-05-04","img_src":"http://mars.jpl.nasa.gov/msl-raw-images/msss/00975/mhli/0975MH0001930000304428S00_DXXX.jpg","full_name":"Mars Hand Lens Imager"},{"earth_date":"2015-05-04","img_src":"http://mars.jpl.nasa.gov/msl-raw-images/msss/00975/mhli/0975MH0001930000304427R00_DXXX.jpg","full_name":"Mars Hand Lens Imager"},{"earth_date":"2015-05-04","img_src":"http://mars.jpl.nasa.gov/msl-raw-images/msss/00975/mhli/0975MH0001930000304426S00_DXXX.jpg","full_name":"Mars Hand Lens Imager"},{"earth_date":"2015-05-04","img_src":"http://mars.jpl.nasa.gov/msl-raw-images/msss/00975/mhli/0975MH0001930000304425R00_DXXX.jpg","full_name":"Mars Hand Lens Imager"},{"earth_date":"2015-05-04","img_src":"http://mars.jpl.nasa.gov/msl-raw-images/msss/00975/mhli/0975MH0001930000304430U01_DXXX.jpg","full_name":"Mars Hand Lens Imager"},{"earth_date":"2015-05-04","img_src":"http://mars.jpl.nasa.gov/msl-raw-images/msss/00975/mhli/0975MH0001930000304429T01_DXXX.jpg","full_name":"Mars Hand Lens Imager"},{"earth_date":"2015-05-04","img_src":"http://mars.jpl.nasa.gov/msl-raw-images/msss/00975/mhli/0975MH0001930000304428U01_DXXX.jpg","full_name":"Mars Hand Lens Imager"},{"earth_date":"2015-05-04","img_src":"http://mars.jpl.nasa.gov/msl-raw-images/msss/00975/mhli/0975MH0001930000304427T01_DXXX.jpg","full_name":"Mars Hand Lens Imager"},{"earth_date":"2015-05-04","img_src":"http://mars.jpl.nasa.gov/msl-raw-images/msss/00975/mhli/0975MH0001930000304426U01_DXXX.jpg","full_name":"Mars Hand Lens Imager"},{"earth_date":"2015-05-04","img_src":"http://mars.jpl.nasa.gov/msl-raw-images/msss/00975/mhli/0975MH0001930000304425T01_DXXX.jpg","full_name":"Mars Hand Lens Imager"},{"earth_date":"2015-05-04","img_src":"http://mars.jpl.nasa.gov/msl-raw-images/msss/00975/mhli/0975MH0004970060304424I01_DXXX.jpg","full_name":"Mars Hand Lens Imager"},{"earth_date":"2015-05-04","img_src":"http://mars.jpl.nasa.gov/msl-raw-images/msss/00975/mhli/0975MH0004970060304423I01_DXXX.jpg","full_name":"Mars Hand Lens Imager"},{"earth_date":"2015-05-04","img_src":"http://mars.jpl.nasa.gov/msl-raw-images/msss/00975/mhli/0975MH0004970060304422I01_DXXX.jpg","full_name":"Mars Hand Lens Imager"},{"earth_date":"2015-05-04","img_src":"http://mars.jpl.nasa.gov/msl-raw-images/msss/00975/mhli/0975MH0004970060304421I01_DXXX.jpg","full_name":"Mars Hand Lens Imager"},{"earth_date":"2015-05-04","img_src":"http://mars.jpl.nasa.gov/msl-raw-images/msss/00975/mhli/0975MH0004970060304420I01_DXXX.jpg","full_name":"Mars Hand Lens Imager"},{"earth_date":"2015-05-04","img_src":"http://mars.jpl.nasa.gov/msl-raw-images/msss/00975/mhli/0975MH0004970060304419I01_DXXX.jpg","full_name":"Mars Hand Lens Imager"},{"earth_date":"2015-05-04","img_src":"http://mars.jpl.nasa.gov/msl-raw-images/msss/00975/mhli/0975MH0004970060304418I01_DXXX.jpg","full_name":"Mars Hand Lens Imager"},{"earth_date":"2015-05-04","img_src":"http://mars.jpl.nasa.gov/msl-raw-images/msss/00975/mhli/0975MH0004970060304417I01_DXXX.jpg","full_name":"Mars Hand Lens Imager"},{"earth_date":"2015-05-04","img_src":"http://mars.jpl.nasa.gov/msl-raw-images/msss/00975/mhli/0975MH0004970050304416I01_DXXX.jpg","full_name":"Mars Hand Lens Imager"},{"earth_date":"2015-05-04","img_src":"http://mars.jpl.nasa.gov/msl-raw-images/msss/00975/mhli/0975MH0004970040304415I01_DXXX.jpg","full_name":"Mars Hand Lens Imager"},{"earth_date":"2015-05-04","img_src":"http://mars.jpl.nasa.gov/msl-raw-images/msss/00975/mhli/0975MH0004970030304414I01_DXXX.jpg","full_name":"Mars Hand Lens Imager"},{"earth_date":"2015-05-04","img_src":"http://mars.jpl.nasa.gov/msl-raw-images/msss/00975/mhli/0975MH0004970020304413I01_DXXX.jpg","full_name":"Mars Hand Lens Imager"},{"earth_date":"2015-05-04","img_src":"http://mars.jpl.nasa.gov/msl-raw-images/msss/00975/mhli/0975MH0004970010304412I01_DXXX.jpg","full_name":"Mars Hand Lens Imager"},{"earth_date":"2015-05-04","img_src":"http://mars.jpl.nasa.gov/msl-raw-images/msss/00975/mhli/0975MH0004970000304411I01_DXXX.jpg","full_name":"Mars Hand Lens Imager"},{"earth_date":"2015-05-04","img_src":"http://mars.jpl.nasa.gov/msl-raw-images/msss/00975/mhli/0975MH0004960060304410I01_DXXX.jpg","full_name":"Mars Hand Lens Imager"},{"earth_date":"2015-05-04","img_src":"http://mars.jpl.nasa.gov/msl-raw-images/msss/00975/mhli/0975MH0004960060304409I01_DXXX.jpg","full_name":"Mars Hand Lens Imager"},{"earth_date":"2015-05-04","img_src":"http://mars.jpl.nasa.gov/msl-raw-images/msss/00975/mhli/0975MH0004960060304408I01_DXXX.jpg","full_name":"Mars Hand Lens Imager"},{"earth_date":"2015-05-04","img_src":"http://mars.jpl.nasa.gov/msl-raw-images/msss/00975/mhli/0975MH0004960060304407I01_DXXX.jpg","full_name":"Mars Hand Lens Imager"},{"earth_date":"2015-05-04","img_src":"http://mars.jpl.nasa.gov/msl-raw-images/msss/00975/mhli/0975MH0004960060304406I01_DXXX.jpg","full_name":"Mars Hand Lens Imager"},{"earth_date":"2015-05-04","img_src":"http://mars.jpl.nasa.gov/msl-raw-images/msss/00975/mhli/0975MH0004960060304405I01_DXXX.jpg","full_name":"Mars Hand Lens Imager"},{"earth_date":"2015-05-04","img_src":"http://mars.jpl.nasa.gov/msl-raw-images/msss/00975/mhli/0975MH0004960060304404I01_DXXX.jpg","full_name":"Mars Hand Lens Imager"},{"earth_date":"2015-05-04","img_src":"http://mars.jpl.nasa.gov/msl-raw-images/msss/00975/mhli/0975MH0004960060304403I01_DXXX.jpg","full_name":"Mars Hand Lens Imager"},{"earth_date":"2015-05-04","img_src":"http://mars.jpl.nasa.gov/msl-raw-images/msss/00975/mhli/0975MH0004960050304402I01_DXXX.jpg","full_name":"Mars Hand Lens Imager"},{"earth_date":"2015-05-04","img_src":"http://mars.jpl.nasa.gov/msl-raw-images/msss/00975/mhli/0975MH0004960040304401I01_DXXX.jpg","full_name":"Mars Hand Lens Imager"},{"earth_date":"2015-05-04","img_src":"http://mars.jpl.nasa.gov/msl-raw-images/msss/00975/mhli/0975MH0004960030304400I01_DXXX.jpg","full_name":"Mars Hand Lens Imager"},{"earth_date":"2015-05-04","img_src":"http://mars.jpl.nasa.gov/msl-raw-images/msss/00975/mhli/0975MH0004960020304399I01_DXXX.jpg","full_name":"Mars Hand Lens Imager"},{"earth_date":"2015-05-04","img_src":"http://mars.jpl.nasa.gov/msl-raw-images/msss/00975/mhli/0975MH0004960010304398I01_DXXX.jpg","full_name":"Mars Hand Lens Imager"},{"earth_date":"2015-05-04","img_src":"http://mars.jpl.nasa.gov/msl-raw-images/msss/00975/mhli/0975MH0004960000304397I01_DXXX.jpg","full_name":"Mars Hand Lens Imager"},{"earth_date":"2015-05-04","img_src":"http://mars.jpl.nasa.gov/msl-raw-images/msss/00975/mhli/0975MH0004960060304396I01_DXXX.jpg","full_name":"Mars Hand Lens Imager"},{"earth_date":"2015-05-04","img_src":"http://mars.jpl.nasa.gov/msl-raw-images/msss/00975/mhli/0975MH0004960060304395I01_DXXX.jpg","full_name":"Mars Hand Lens Imager"},{"earth_date":"2015-05-04","img_src":"http://mars.jpl.nasa.gov/msl-raw-images/msss/00975/mhli/0975MH0004960060304394I01_DXXX.jpg","full_name":"Mars Hand Lens Imager"},{"earth_date":"2015-05-04","img_src":"http://mars.jpl.nasa.gov/msl-raw-images/msss/00975/mhli/0975MH0004960060304393I01_DXXX.jpg","full_name":"Mars Hand Lens Imager"},{"earth_date":"2015-05-04","img_src":"http://mars.jpl.nasa.gov/msl-raw-images/msss/00975/mhli/0975MH0004960060304392I01_DXXX.jpg","full_name":"Mars Hand Lens Imager"},{"earth_date":"2015-05-04","img_src":"http://mars.jpl.nasa.gov/msl-raw-images/msss/00975/mhli/0975MH0004960060304391I01_DXXX.jpg","full_name":"Mars Hand Lens Imager"},{"earth_date":"2015-05-04","img_src":"http://mars.jpl.nasa.gov/msl-raw-images/msss/00975/mhli/0975MH0004960060304390I01_DXXX.jpg","full_name":"Mars Hand Lens Imager"},{"earth_date":"2015-05-04","img_src":"http://mars.jpl.nasa.gov/msl-raw-images/msss/00975/mhli/0975MH0004960060304389I01_DXXX.jpg","full_name":"Mars Hand Lens Imager"},{"earth_date":"2015-05-04","img_src":"http://mars.jpl.nasa.gov/msl-raw-images/msss/00975/mhli/0975MH0004960050304388I01_DXXX.jpg","full_name":"Mars Hand Lens Imager"},{"earth_date":"2015-05-04","img_src":"http://mars.jpl.nasa.gov/msl-raw-images/msss/00975/mhli/0975MH0004960040304387I01_DXXX.jpg","full_name":"Mars Hand Lens Imager"},{"earth_date":"2015-05-04","img_src":"http://mars.jpl.nasa.gov/msl-raw-images/msss/00975/mhli/0975MH0004960030304386I01_DXXX.jpg","full_name":"Mars Hand Lens Imager"},{"earth_date":"2015-05-04","img_src":"http://mars.jpl.nasa.gov/msl-raw-images/msss/00975/mhli/0975MH0004960020304385I01_DXXX.jpg","full_name":"Mars Hand Lens Imager"},{"earth_date":"2015-05-04","img_src":"http://mars.jpl.nasa.gov/msl-raw-images/msss/00975/mhli/0975MH0004960010304384I01_DXXX.jpg","full_name":"Mars Hand Lens Imager"},{"earth_date":"2015-05-04","img_src":"http://mars.jpl.nasa.gov/msl-raw-images/msss/00975/mhli/0975MH0004960000304383I01_DXXX.jpg","full_name":"Mars Hand Lens Imager"},{"earth_date":"2015-05-04","img_src":"http://mars.jpl.nasa.gov/msl-raw-images/msss/00975/mhli/0975MH0004760050304382I01_DXXX.jpg","full_name":"Mars Hand Lens Imager"},{"earth_date":"2015-05-04","img_src":"http://mars.jpl.nasa.gov/msl-raw-images/msss/00975/mhli/0975MH0004760040304381I01_DXXX.jpg","full_name":"Mars Hand Lens Imager"},{"earth_date":"2015-05-04","img_src":"http://mars.jpl.nasa.gov/msl-raw-images/msss/00975/mhli/0975MH0004760030304380I01_DXXX.jpg","full_name":"Mars Hand Lens Imager"},{"earth_date":"2015-05-04","img_src":"http://mars.jpl.nasa.gov/msl-raw-images/msss/00975/mhli/0975MH0004760020304379I01_DXXX.jpg","full_name":"Mars Hand Lens Imager"},{"earth_date":"2015-05-04","img_src":"http://mars.jpl.nasa.gov/msl-raw-images/msss/00975/mhli/0975MH0004760010304378I01_DXXX.jpg","full_name":"Mars Hand Lens Imager"},{"earth_date":"2015-05-04","img_src":"http://mars.jpl.nasa.gov/msl-raw-images/msss/00975/mhli/0975MH0004760000304377I01_DXXX.jpg","full_name":"Mars Hand Lens Imager"},{"earth_date":"2015-05-04","img_src":"http://mars.jpl.nasa.gov/msl-raw-images/proj/msl/redops/ods/surface/sol/00975/opgs/edr/ncam/NLB_484061592EDR_F0470598NCAM00320M_.JPG","full_name":"Navigation Camera"},{"earth_date":"2015-05-04","img_src":"http://mars.jpl.nasa.gov/msl-raw-images/proj/msl/redops/ods/surface/sol/00975/opgs/edr/ncam/NLB_484061303EDR_F0470598NCAM00207M_.JPG","full_name":"Navigation Camera"},{"earth_date":"2015-05-04","img_src":"http://mars.jpl.nasa.gov/msl-raw-images/proj/msl/redops/ods/surface/sol/00975/opgs/edr/ncam/NLB_484059426EDR_F0470598NCAM00223M_.JPG","full_name":"Navigation Camera"},{"earth_date":"2015-05-04","img_src":"http://mars.jpl.nasa.gov/msl-raw-images/proj/msl/redops/ods/surface/sol/00975/opgs/edr/ncam/NRB_484061592EDR_F0470598NCAM00320M_.JPG","full_name":"Navigation Camera"},{"earth_date":"2015-05-04","img_src":"http://mars.jpl.nasa.gov/msl-raw-images/proj/msl/redops/ods/surface/sol/00975/opgs/edr/ncam/NRB_484061303EDR_F0470598NCAM00207M_.JPG","full_name":"Navigation Camera"},{"earth_date":"2015-05-04","img_src":"http://mars.jpl.nasa.gov/msl-raw-images/proj/msl/redops/ods/surface/sol/00975/opgs/edr/ncam/NRB_484059426EDR_F0470598NCAM00223M_.JPG","full_name":"Navigation Camera"}]}